{
  "min_x": -4.71975e12,
  "max_x":  4.71975e12,
  "min_y": -4.71975e12,
  "max_y":  4.71975e12,
  "min_z": -4.71975e12,
  "max_z":  4.71975e12
}
